-- generated by SqlExportTool at Fri May 25 16:55:17 CEST 2007 from wisser@u19
-- 
-- extraction model:  EMP where ENAME='SCOTT' (extractionmodel/scott-tiger.csv)
-- database URL:      jdbc:db2://localhost:50001/wisser
-- database user:     xbcsetup
-- exported entities: 22
--     DEPT                           3
--     EMP                            14
--     SALGRADE                       5



Insert into DEPT(DEPTNO, DNAME, LOC) values (20, 'RESEARCH', 'DALLAS'), (10, 'ACCOUNTING', 'NEW YORK'), (30, 'SALES', 'CHICAGO');
Insert into SALGRADE(GRADE, LOSAL, HISAL) values (1, 700, 1200), (2, 1201, 1400), (3, 1401, 2000), (4, 2001, 3000), (5, 3001, 9999);
Insert into EMP(EMPNO, ENAME, JOB, MGR, HIREDATE, SAL, COMM, DEPTNO) values (7839, 'KING', 'PRESIDENT', null, '1981-11-17', 5000.00, null, 10);
Insert into EMP(EMPNO, ENAME, JOB, MGR, HIREDATE, SAL, COMM, DEPTNO) values (7566, 'JONES', 'MANAGER', 7839, '1981-04-02', 2975.00, null, 20), (7698, 'BLAKE', 'MANAGER', 7839, '1981-05-01', 2850.00, null, 30), (7782, 'CLARK', 'MANAGER', 7839, '1981-06-09', 2450.00, null, 10);
Insert into EMP(EMPNO, ENAME, JOB, MGR, HIREDATE, SAL, COMM, DEPTNO) values (7788, 'SCOTT', 'ANALYST', 7566, '1982-12-09', 3000.00, null, 20), (7902, 'FORD', 'ANALYST', 7566, '1981-12-03', 3000.00, null, 20), (7499, 'ALLEN', 'SALESMAN', 7698, '1981-02-20', 1600.00, 300.00, 30), (7521, 'WARD', 'SALESMAN', 7698, '1981-02-22', 1250.00, 500.00, 30), (7654, 'MARTIN', 'SALESMAN', 7698, '1981-09-28', 1250.00, 1400.00, 30), (7844, 'TURNER', 'SALESMAN', 7698, '1981-09-08', 1500.00, 0.00, 30), (7900, 'JAMES', 'CLERK', 7698, '1981-12-03', 950.00, null, 30), (7934, 'MILLER', 'CLERK', 7782, '1982-01-23', 1300.00, null, 10);
Insert into EMP(EMPNO, ENAME, JOB, MGR, HIREDATE, SAL, COMM, DEPTNO) values (7876, 'ADAMS', 'CLERK', 7788, '1983-01-12', 1100.00, null, 20), (7369, 'SMITH', 'CLERK', 7902, '1980-12-17', 800.00, null, 20);
